rank,bigram,pmi,frequency,message_count,contains_entity_term,network_score,first_seen,last_seen,example_message_id,example_timestamp,example_text,word_1,word_2
1,khatam anbiya,11.60594243962537,5,5,False,58.029712198126845,2026-04-07 20:26:59+00:00,2026-04-13 11:33:51+00:00,184347,2026-04-07 20:26:59+00:00,"Spokesperson of the Khatam al-Anbiya Central Headquarters: The Iranian armed forces will take action against the infrastructure of the US and its allies,...",khatam,anbiya
2,max blumenthal,11.60594243962537,5,5,False,58.029712198126845,2026-04-07 10:07:58+00:00,2026-04-13 05:10:22+00:00,184253,2026-04-07 10:07:58+00:00,🔸Jews of Iran - Part 1🔸 On the Brink: Why I Came to Iran Jewish American journalist Max Blumenthal arrives in Iran as war with Israel looms. Amid Western...,max,blumenthal
3,maryam azarchehr,11.342908033791574,5,5,False,56.71454016895787,2026-04-07 12:28:12+00:00,2026-04-12 18:16:46+00:00,184271,2026-04-07 12:28:12+00:00,"Press TV's Maryam Azarchehr says Iranian armed forces were ready for the US operation in Isfahan based on received intelligence, suggesting earlier remarks...",maryam,azarchehr
4,aqsa mosque,11.120515612455126,5,4,False,55.602578062275626,2026-04-10 05:56:07+00:00,2026-04-14 09:55:11+00:00,184773,2026-04-10 05:56:07+00:00,Hundreds of worshipers performed dawn prayers at Al-Aqsa Mosque in occupied al-Quds after 40 days of closure by Israeli occupation during the war on Iran....,aqsa,mosque
5,bagher ghalibaf,10.92787053451273,7,7,False,76.4950937415891,2026-04-08 18:30:01+00:00,2026-04-11 17:16:01+00:00,184507,2026-04-08 18:30:01+00:00,📸 Speaker of Iran's Parliament Mohammad Bagher Ghalibaf issues a statement on the violation of three key clauses in the 10-point ceasefire agreement. @PressTV,bagher,ghalibaf
6,naim qassem,10.75794553307042,9,9,False,96.82150979763378,2026-04-10 09:22:28+00:00,2026-04-13 23:14:38+00:00,184798,2026-04-10 09:22:28+00:00,🔴 Hezbollah Secretary General Sheikh Naim Qassem to deliver a speech on the latest developments in Lebanon and the region at 1:00 PM GMT @PressTV,naim,qassem
7,nationwide nightly,10.75794553307042,5,5,False,53.789727665352096,2026-04-10 18:10:01+00:00,2026-04-11 19:46:31+00:00,184881,2026-04-10 18:10:01+00:00,▶️ Iranian patriots continue nationwide nightly rallies in support of the Islamic Republic and the Iranian Armed Forces. @PressTV,nationwide,nightly
8,shehbaz sharif,10.468438915875435,9,9,False,94.21595024287892,2026-04-07 23:56:03+00:00,2026-04-11 12:53:54+00:00,184372,2026-04-07 23:56:03+00:00,"🇵🇰 Pakistan’s Prime Minister Shehbaz Sharif: I am pleased to announce that the Islamic Republic of Iran and the United States of America, along with their...",shehbaz,sharif
9,tel aviv,10.468438915875433,10,10,False,104.68438915875433,2026-04-07 06:27:59+00:00,2026-04-13 05:10:22+00:00,184228,2026-04-07 06:27:59+00:00,"Air raid sirens blared across the occupied territories including Tel Aviv, Eilat, and the Wadi Araba region following a missile launch from Iran. @PressTV",tel,aviv
10,west asia,10.44244370734249,5,5,False,52.21221853671245,2026-04-10 08:04:43+00:00,2026-04-14 05:45:02+00:00,184791,2026-04-10 08:04:43+00:00,"✍️ Feature - How Iran decimated US power projection in West Asia: Military lessons of 40-day war Iran’s asymmetric strategy – high-precision missiles, anti-...",west,asia
11,white house,10.44244370734249,5,4,False,52.21221853671245,2026-04-07 14:59:01+00:00,2026-04-14 16:59:41+00:00,184302,2026-04-07 14:59:01+00:00,"Congresswoman Rashida Tlaib demands activation of 25th amendment against Trump: After bombing a school and massacring young girls, the war criminal in the...",white,house
12,raid sirens,10.342908033791574,10,10,False,103.42908033791574,2026-04-07 06:27:59+00:00,2026-04-14 00:35:00+00:00,184228,2026-04-07 06:27:59+00:00,"Air raid sirens blared across the occupied territories including Tel Aviv, Eilat, and the Wadi Araba region following a missile launch from Iran. @PressTV",raid,sirens
13,nightly rallies,10.272518705900175,5,5,False,51.36259352950088,2026-04-10 18:10:01+00:00,2026-04-11 19:46:31+00:00,184881,2026-04-10 18:10:01+00:00,▶️ Iranian patriots continue nationwide nightly rallies in support of the Islamic Republic and the Iranian Armed Forces. @PressTV,nightly,rallies
14,residential building,10.190904940346524,6,6,False,61.145429642079144,2026-04-08 20:11:26+00:00,2026-04-14 02:45:10+00:00,184522,2026-04-08 20:11:26+00:00,Moment an Israeli airstrike hit a residential building in Beirut’s southern suburbs. @PressTV,residential,building
15,transit stunt,10.079873627957781,5,5,False,50.399368139788905,2026-04-12 12:08:36+00:00,2026-04-14 05:25:41+00:00,185150,2026-04-12 12:08:36+00:00,"🔺 Press TV Exclusive: US destroyers' Strait of Hormuz transit stunt failed, came close to destruction The US military’s attempt to sail two destroyers...",transit,stunt
16,red crescent,10.020979938904212,8,7,False,80.1678395112337,2026-04-08 10:40:12+00:00,2026-04-13 21:34:10+00:00,184426,2026-04-08 10:40:12+00:00,▶️ Red Crescent teams saved an Iranian from the rubble of a residence destroyed in a US-Israeli aggression. @PressTV,red,crescent
17,sheikh naim,10.020979938904212,6,6,False,60.12587963342527,2026-04-10 09:22:28+00:00,2026-04-13 23:14:38+00:00,184798,2026-04-10 09:22:28+00:00,🔴 Hezbollah Secretary General Sheikh Naim Qassem to deliver a speech on the latest developments in Lebanon and the region at 1:00 PM GMT @PressTV,sheikh,naim
18,kamal kharazi,10.020979938904212,5,5,False,50.10489969452106,2026-04-09 21:50:20+00:00,2026-04-10 16:39:59+00:00,184703,2026-04-09 21:50:20+00:00,🔺 Iran's Vice President Mohammad Reza Aref issues a statement offering his condolences following the news of the martyrdom of former-Foreign Minister Seyyed...,kamal,kharazi
19,reza aref,9.950590611012814,8,8,False,79.60472488810251,2026-04-08 08:35:16+00:00,2026-04-14 16:59:41+00:00,184417,2026-04-08 08:35:16+00:00,"📷 Iranian Vice President Mohammad Reza Aref: Good morning to victory! Today, history has turned a new page—the world has welcomed a new center of power, and...",reza,aref
20,negotiating team,9.927870534512731,5,5,False,49.63935267256366,2026-04-10 19:52:02+00:00,2026-04-12 14:12:03+00:00,184891,2026-04-10 19:52:02+00:00,Iran's negotiating team led by Parliament Speaker Mohammad Baqer Qalibaf arrives in Islamabad @PressTV,negotiating,team
21,persian gulf,9.898123191118678,12,12,False,118.77747829342414,2026-04-07 19:27:52+00:00,2026-04-14 12:20:05+00:00,184341,2026-04-07 19:27:52+00:00,Angry Iraqi civilians removed the Kuwaiti flag from the top of the Persian Gulf monarchy's consulate in the Iraqi city of Basra following a rocket attack...,persian,gulf
22,year old,9.898123191118678,6,6,False,59.38873914671207,2026-04-07 09:56:25+00:00,2026-04-13 22:52:02+00:00,184252,2026-04-07 09:56:25+00:00,"🎥 Gisha 🔻After a missile strike hits a Tehran neighborhood, an 11-year-old volunteer helps families clean up shattered homes, capturing the fear, loss, and...",year,old
23,kamal kharrazi,9.828334860961814,7,5,False,68.79834402673269,2026-04-09 21:15:01+00:00,2026-04-10 23:29:01+00:00,184700,2026-04-09 21:15:01+00:00,"📸 Seyyed Kamal Kharrazi, Iran's former Foreign Minister and foreign policy advisor to Iran's Leader, has attained martyrdom following the US-Israeli...",kamal,kharrazi
24,discuss latest,9.664836128678937,5,5,False,48.32418064339468,2026-04-08 12:45:36+00:00,2026-04-11 20:00:12+00:00,184443,2026-04-08 12:45:36+00:00,📸 Iran's President Pezeshkian holds a phone conversation with Azerbaijani President Aliyev to discuss the latest regional developments. 🔹 President Aliyev...,discuss,latest
25,jewish community,9.664836128678937,5,4,False,48.32418064339468,2026-04-07 11:10:07+00:00,2026-04-08 09:50:16+00:00,184261,2026-04-07 11:10:07+00:00,"Rabbi Younes Hammami Lalezar, leader of Iran's Jewish community, stands before the ruins of a synagogue in central Tehran destroyed by US-Israeli bombing, a...",jewish,community
26,leo xiv,9.573027817152633,13,12,False,124.44936162298423,2026-04-07 19:17:01+00:00,2026-04-14 10:25:01+00:00,184340,2026-04-07 19:17:01+00:00,Pope Leo XIV says that Trump's threat to destroy Iranian civilization is “truly unacceptable” and that any attacks on civilian infrastructure violate...,leo,xiv
27,truce breach,9.535553111733972,5,5,False,47.67776555866986,2026-04-09 21:52:58+00:00,2026-04-13 23:41:02+00:00,184704,2026-04-09 21:52:58+00:00,"April 9: Hezbollah’s operations against the Zionist regime in response to the truce breach Hours after the Iran-US ceasefire following 40 days of aggression,...",truce,breach
28,guards corps,9.468438915875433,19,19,False,179.90033940163323,2026-04-07 11:50:04+00:00,2026-04-13 19:07:07+00:00,184266,2026-04-07 11:50:04+00:00,"Wave 99: IRGC pounds US petchem sites, vows 'no restraint’ if Iranian infrastructure hit The Islamic Revolution Guards Corps (IRGC) has pounded US-owned...",guards,corps
29,came close,9.468438915875433,5,5,False,47.342194579377164,2026-04-12 12:08:36+00:00,2026-04-14 05:25:41+00:00,185150,2026-04-12 12:08:36+00:00,"🔺 Press TV Exclusive: US destroyers' Strait of Hormuz transit stunt failed, came close to destruction The US military’s attempt to sail two destroyers...",came,close
30,damage caused,9.468438915875433,5,3,False,47.342194579377164,2026-04-07 10:59:33+00:00,2026-04-14 11:05:01+00:00,184258,2026-04-07 10:59:33+00:00,▶️ Footage shows the extent of damage caused by Iranian missile strikes on Tel Aviv. @PressTV,damage,caused
31,anbiya central,9.40430857845572,5,5,False,47.021542892278596,2026-04-07 20:26:59+00:00,2026-04-13 11:33:51+00:00,184347,2026-04-07 20:26:59+00:00,"Spokesperson of the Khatam al-Anbiya Central Headquarters: The Iranian armed forces will take action against the infrastructure of the US and its allies,...",anbiya,central
32,baqer qalibaf,9.342908033791575,9,9,False,84.08617230412418,2026-04-09 21:30:01+00:00,2026-04-13 02:21:40+00:00,184701,2026-04-09 21:30:01+00:00,Lebanon inseparable part of Iran’s 10-point ceasefire plan: Qalibaf Iran’s Parliament Speaker Mohammad Baqer Qalibaf says Lebanon is an inseparable part of...,baqer,qalibaf
33,brigadier general,9.342908033791575,8,8,False,74.7432642703326,2026-04-08 16:16:39+00:00,2026-04-13 17:30:38+00:00,184481,2026-04-08 16:16:39+00:00,"📸 In his latest post, Commander of the IRGC's Aerospace Force, Brigadier General Seyyed Majid Mousavi, says an attack on Hezbollah is an attack on Iran,...",brigadier,general
34,tehran's enghelab,9.31316069039752,6,6,False,55.87896414238512,2026-04-08 01:58:20+00:00,2026-04-13 23:04:02+00:00,184389,2026-04-08 01:58:20+00:00,"🇮🇷 Press TV's correspondent reports from Tehran's Enghelab Square, where a huge crowd has gathered to celebrate Iran's triumph over its enemies. @PressTV",tehran's,enghelab
35,phone conversation,9.284014344738006,9,9,False,83.55612910264206,2026-04-08 12:45:36+00:00,2026-04-14 05:45:02+00:00,184443,2026-04-08 12:45:36+00:00,📸 Iran's President Pezeshkian holds a phone conversation with Azerbaijani President Aliyev to discuss the latest regional developments. 🔹 President Aliyev...,phone,conversation
36,oil refinery,9.284014344738006,5,4,False,46.42007172369003,2026-04-08 10:31:05+00:00,2026-04-10 04:03:41+00:00,184425,2026-04-08 10:31:05+00:00,"🔴 In violation of the ceasefire, US-Israeli forces targeted the Lavan Oil Refinery on Lavan Island. At present, safety and firefighting teams are working to...",oil,refinery
37,pope leo,9.206011832736733,18,16,False,165.7082129892612,2026-04-07 19:17:01+00:00,2026-04-14 14:54:41+00:00,184340,2026-04-07 19:17:01+00:00,Pope Leo XIV says that Trump's threat to destroy Iranian civilization is “truly unacceptable” and that any attacks on civilian infrastructure violate...,pope,leo
38,tv's maryam,9.172983032349261,6,6,False,55.03789819409557,2026-04-07 12:28:12+00:00,2026-04-12 18:16:46+00:00,184271,2026-04-07 12:28:12+00:00,"Press TV's Maryam Azarchehr says Iranian armed forces were ready for the US operation in Isfahan based on received intelligence, suggesting earlier remarks...",tv's,maryam
39,air defenses,9.120515612455126,5,5,False,45.602578062275626,2026-04-07 15:20:02+00:00,2026-04-10 18:05:03+00:00,184304,2026-04-07 15:20:02+00:00,Israel’s air defenses overwhelmed by cluster-warhead Iranian missiles: Reports Iran’s changing tactics in firing missiles toward the Israeli-occupied...,air,defenses
40,forced accept,9.079873627957781,5,5,False,45.399368139788905,2026-04-07 23:32:04+00:00,2026-04-08 11:46:06+00:00,184366,2026-04-07 23:32:04+00:00,"Iran declares 'historic victory' over US, says enemy forced to accept its proposal Iran has declared a ""historic and crushing defeat"" of the United States...",forced,accept
41,hezbollah's operations,9.079873627957781,5,5,False,45.399368139788905,2026-04-09 21:52:58+00:00,2026-04-13 23:41:02+00:00,184704,2026-04-09 21:52:58+00:00,"April 9: Hezbollah’s operations against the Zionist regime in response to the truce breach Hours after the Iran-US ceasefire following 40 days of aggression,...",hezbollah's,operations
42,abbas araghchi,9.020979938904212,25,22,False,225.5244984726053,2026-04-07 23:40:47+00:00,2026-04-14 10:35:04+00:00,184370,2026-04-07 23:40:47+00:00,"Iran FM Abbas Araghchi: If attacks against Iran are halted, our Powerful Armed Forces will cease their defensive operations. @PressTV",abbas,araghchi
43,solemn ceremony,9.001871115956508,5,5,False,45.009355579782536,2026-04-09 14:10:01+00:00,2026-04-10 13:11:14+00:00,184651,2026-04-09 14:10:01+00:00,▶️ More footage of the massive solemn ceremony held in Tehran to mark the 40th day of mourning for the late Leader of the Islamic Revolution Ayatollah Seyyed...,solemn,ceremony
44,air raid,8.994984730371268,11,11,False,98.94483203408394,2026-04-07 06:27:59+00:00,2026-04-14 00:35:00+00:00,184228,2026-04-07 06:27:59+00:00,"Air raid sirens blared across the occupied territories including Tel Aviv, Eilat, and the Wadi Araba region following a missile launch from Iran. @PressTV",air,raid
45,mohammad baqer,8.973674224125856,9,9,False,80.76306801713271,2026-04-09 21:30:01+00:00,2026-04-13 02:21:40+00:00,184701,2026-04-09 21:30:01+00:00,Lebanon inseparable part of Iran’s 10-point ceasefire plan: Qalibaf Iran’s Parliament Speaker Mohammad Baqer Qalibaf says Lebanon is an inseparable part of...,mohammad,baqer
46,mohammad bagher,8.973674224125856,8,8,False,71.78939379300685,2026-04-08 18:30:01+00:00,2026-04-11 17:16:01+00:00,184507,2026-04-08 18:30:01+00:00,📸 Speaker of Iran's Parliament Mohammad Bagher Ghalibaf issues a statement on the violation of three key clauses in the 10-point ceasefire agreement. @PressTV,mohammad,bagher
47,school minab,8.964396410537844,5,5,False,44.82198205268922,2026-04-09 02:50:55+00:00,2026-04-13 12:58:19+00:00,184578,2026-04-09 02:50:55+00:00,"An Iraqi father named his daughter Minab to honor the memory of the schoolchildren martyred in Minab. On February 28, US-Israeli strikes on a primary school...",school,minab
48,occupied territories,8.950590611012814,8,8,False,71.60472488810251,2026-04-07 06:27:59+00:00,2026-04-12 04:17:38+00:00,184228,2026-04-07 06:27:59+00:00,"Air raid sirens blared across the occupied territories including Tel Aviv, Eilat, and the Wadi Araba region following a missile launch from Iran. @PressTV",occupied,territories
49,ministry spokesman,8.927870534512731,8,8,False,71.42296427610185,2026-04-11 15:20:48+00:00,2026-04-14 09:55:11+00:00,185003,2026-04-11 15:20:48+00:00,"📸 Iran's Foreign Ministry spokesman says that while US authorities accuse Iran of lacking “good faith”, US policy and media space are recommending the...",ministry,spokesman
50,northern occupied,8.914064734987699,13,13,False,115.88284155484008,2026-04-07 09:23:55+00:00,2026-04-14 00:35:00+00:00,184245,2026-04-07 09:23:55+00:00,"▶️ Thick smoke rise from the impact site of Hezbollah rocket strikes in Nahariya, in the northern occupied territories. @PressTV",northern,occupied
51,point proposal,8.828334860961814,7,6,False,61.79834402673269,2026-04-08 14:20:30+00:00,2026-04-11 14:54:50+00:00,184467,2026-04-08 14:20:30+00:00,"✍ Explainer: Iran's 10-point proposal that forced US surrender after 40 days of aggression After 40 days of the imposed war, the US was forced to retreat and...",point,proposal
52,close destruction,8.790367010762797,5,5,False,43.95183505381398,2026-04-12 12:08:36+00:00,2026-04-14 05:25:41+00:00,185150,2026-04-12 12:08:36+00:00,"🔺 Press TV Exclusive: US destroyers' Strait of Hormuz transit stunt failed, came close to destruction The US military’s attempt to sail two destroyers...",close,destruction
53,occupied palestine,8.757945533070417,14,14,False,122.61123746298584,2026-04-07 19:51:01+00:00,2026-04-14 00:35:00+00:00,184344,2026-04-07 19:51:01+00:00,Iranian missile successfully obliterates its target in the occupied Palestine. @PressTV,occupied,palestine
54,global economy,8.667342984289512,6,5,False,52.00405790573707,2026-04-07 21:07:01+00:00,2026-04-14 15:15:01+00:00,184352,2026-04-07 21:07:01+00:00,"""There will be a complete reset of the global economy"" Scott Ritter says if the US attacks Iranian infrastructure, Iran will destroy regional energy and...",global,economy
55,secretary general,8.664836128678937,10,10,False,86.64836128678937,2026-04-08 12:50:06+00:00,2026-04-13 23:14:38+00:00,184444,2026-04-08 12:50:06+00:00,"▶️ UN Secretary‑General António Guterres welcomed the newly announced two‑week ceasefire between the United States and Iran, calling it a crucial step toward...",secretary,general
56,masoud pezeshkian,8.618881495332865,14,14,False,120.6643409346601,2026-04-07 12:40:03+00:00,2026-04-14 00:07:04+00:00,184272,2026-04-07 12:40:03+00:00,"Pezeshkian joins over 14 million—and counting—in pledging lives for homeland President Masoud Pezeshkian has added his name to an ever-growing, 14-million-...",masoud,pezeshkian
57,general sheikh,8.605942439625366,6,6,False,51.6356546377522,2026-04-10 09:22:28+00:00,2026-04-13 23:14:38+00:00,184798,2026-04-10 09:22:28+00:00,🔴 Hezbollah Secretary General Sheikh Naim Qassem to deliver a speech on the latest developments in Lebanon and the region at 1:00 PM GMT @PressTV,general,sheikh
58,quds force,8.590000895756347,9,6,False,77.31000806180712,2026-04-09 12:29:45+00:00,2026-04-13 11:20:01+00:00,184639,2026-04-09 12:29:45+00:00,Commander of IRGC Quds force praises resistance forces for delivering ‘regret-inducing’ response to enemies The commander of the Quds Force of the Islamic...,quds,force
59,april hezbollah's,8.556311671900769,5,5,False,42.78155835950385,2026-04-09 21:52:58+00:00,2026-04-13 23:41:02+00:00,184704,2026-04-09 21:52:58+00:00,"April 9: Hezbollah’s operations against the Zionist regime in response to the truce breach Hours after the Iran-US ceasefire following 40 days of aggression,...",april,hezbollah's
60,take part,8.542439497319211,5,5,False,42.712197486596054,2026-04-10 12:40:01+00:00,2026-04-13 20:47:14+00:00,184826,2026-04-10 12:40:01+00:00,📸 People of Kashmir take part in rally held to mourn the 40th day since the maryrdom of Iranian students killed in the US-Israeli airstrike on the elementary...,take,part
61,express support,8.535553111733972,5,5,False,42.67776555866986,2026-04-10 09:11:23+00:00,2026-04-14 03:40:03+00:00,184797,2026-04-10 09:11:23+00:00,"Yemenis take to the streets in Saada to express support for Iran, Iraq, Palestine and Lebanon as a united front confronting US-Israeli aggression @PressTV",express,support
62,naval blockade,8.518479598375027,14,14,False,119.25871437725039,2026-04-12 09:45:02+00:00,2026-04-14 15:15:01+00:00,185125,2026-04-12 09:45:02+00:00,Latest X post by Iran's Embassy in Austria on Trump threatening a naval blockade after failed Tehran-Washington talks: A simple explanation for those...,naval,blockade
63,mohammad reza,8.488247396955614,10,9,False,84.88247396955614,2026-04-08 08:35:16+00:00,2026-04-14 16:59:41+00:00,184417,2026-04-08 08:35:16+00:00,"📷 Iranian Vice President Mohammad Reza Aref: Good morning to victory! Today, history has turned a new page—the world has welcomed a new center of power, and...",mohammad,reza
64,new york,8.373281682835094,5,4,False,41.86640841417547,2026-04-10 02:15:07+00:00,2026-04-14 08:10:05+00:00,184748,2026-04-10 02:15:07+00:00,"▶️ ""Donald Trump has failed America"" House Minority Leader Hakeem Jeffries slams President Trump’s foreign policy as New York Democrats move to force a vote...",new,york
65,senior advisor,8.342908033791574,5,5,False,41.71454016895787,2026-04-07 20:25:07+00:00,2026-04-12 14:50:38+00:00,184346,2026-04-07 20:25:07+00:00,"US will burn in ‘regional inferno’ in case of reckless move, warns advisor to Leader A senior advisor to the Leader of the Islamic Revolution warns that the...",senior,advisor
66,parliament speaker,8.326966489922551,15,14,False,124.90449734883826,2026-04-08 22:20:42+00:00,2026-04-13 19:14:30+00:00,184539,2026-04-08 22:20:42+00:00,"Speaker Qalibaf says ceasefire, negotiations with US ‘unreasonable’, citing truce violations Iran's parliament speaker has said that a bilateral ceasefire or...",parliament,speaker
67,capital beirut,8.301431397815415,5,5,False,41.507156989077075,2026-04-08 11:55:01+00:00,2026-04-09 14:35:01+00:00,184435,2026-04-08 11:55:01+00:00,"▶️ Footage captures the aftermath of the Israeli attacks on the Lebanese capital, Beirut. @PressTV",capital,beirut
68,ali akbar,8.255445192541234,5,5,False,41.27722596270617,2026-04-10 19:53:31+00:00,2026-04-12 14:50:38+00:00,184892,2026-04-10 19:53:31+00:00,"Accompanying Qalibaf are Foreign Minister Abbas Araghchi, Defense Council Secretary Ali Akbar Ahmadian, Central Bank Chief Abdolnaser Hemmati, and several...",ali,akbar
69,security council,8.236708629959647,6,6,False,49.42025177975788,2026-04-07 15:45:19+00:00,2026-04-08 10:15:16+00:00,184313,2026-04-07 15:45:19+00:00,Bahrain's anti-Iran draft resolution on reopening the Strait of Hormuz was rejected at the UN Security Council after Russia and China used their veto power....,security,council
70,two week,8.221278589390044,18,18,False,147.98301460902078,2026-04-07 22:47:11+00:00,2026-04-12 06:33:17+00:00,184359,2026-04-07 22:47:11+00:00,"After accepting Iran's conditions, US President Trump announced a two-week ceasefire. @PressTV",two,week
71,regime change,8.213625016846606,6,4,False,49.28175010107964,2026-04-07 10:39:13+00:00,2026-04-12 18:38:50+00:00,184255,2026-04-07 10:39:13+00:00,▶️ We are talking about regime change. Yes. But in the US. And here’s how some users online reacted to what has been described as a purge inside the Trump...,regime,change
72,southern suburbs,8.172983032349263,9,9,False,73.55684729114337,2026-04-08 13:07:01+00:00,2026-04-09 16:13:24+00:00,184448,2026-04-08 13:07:01+00:00,"🔴 Lebanese Red Crescent: Over 300 people killed or injured in Beirut, southern suburbs, many victims trapped under rubble @PressTV",southern,suburbs
73,response truce,8.172983032349261,5,5,False,40.86491516174631,2026-04-09 21:52:58+00:00,2026-04-13 23:41:02+00:00,184704,2026-04-09 21:52:58+00:00,"April 9: Hezbollah’s operations against the Zionist regime in response to the truce breach Hours after the Iran-US ceasefire following 40 days of aggression,...",response,truce
74,historic victory,8.152351699577132,9,8,False,73.37116529619419,2026-04-07 23:07:32+00:00,2026-04-10 21:37:23+00:00,184362,2026-04-07 23:07:32+00:00,🔴 Supreme national security council: 🔺Iran achieved historic victory by forcing criminal US to accept its 10-point plan. 🔺US has accepted Iran's control over...,historic,victory
75,pakistani capital,8.089927292621704,5,5,False,40.44963646310852,2026-04-10 20:42:02+00:00,2026-04-12 06:33:17+00:00,184895,2026-04-10 20:42:02+00:00,Iranian delegation reaches Islamabad for talks with US; Tehran stresses acceptance of preconditions A high-ranking Iranian delegation arrives in the...,pakistani,capital
76,united states,8.045854607543243,39,39,False,313.7883296941865,2026-04-07 10:42:50+00:00,2026-04-14 13:05:00+00:00,184256,2026-04-07 10:42:50+00:00,"Iran urges southern neighbors to deny US military use of airspace, territory Iran has advised Saudi Arabia and the United Arab Emirates against allowing the...",united,states
77,mourning ceremony,8.036086831294421,8,8,False,64.28869465035537,2026-04-09 06:16:06+00:00,2026-04-10 22:40:18+00:00,184591,2026-04-09 06:16:06+00:00,Assyrians in the northwestern Iranian city of Urmia held a 40th-day mourning ceremony for the late Leader of the Islamic Revolution Ayatollah Seyyed Ali...,mourning,ceremony
78,since martyrdom,8.00837990212458,19,19,False,152.15921814036702,2026-04-08 10:42:50+00:00,2026-04-12 21:12:27+00:00,184427,2026-04-08 10:42:50+00:00,🔴 Slogan of English KHAMENEI.IR on the occasion of the 40th day after the martyrdom of Imam Sayyid Ali Khamenei On the eve of April 8 — the 40th day since...,since,martyrdom
79,commander quds,7.983012088705191,5,5,False,39.91506044352596,2026-04-09 12:29:45+00:00,2026-04-13 11:20:01+00:00,184639,2026-04-09 12:29:45+00:00,Commander of IRGC Quds force praises resistance forces for delivering ‘regret-inducing’ response to enemies The commander of the Quds Force of the Islamic...,commander,quds
80,mojtaba khamenei,7.973674224125855,5,5,False,39.86837112062928,2026-04-09 17:40:44+00:00,2026-04-13 14:00:35+00:00,184675,2026-04-09 17:40:44+00:00,"🔴 Iran's Leader of the Islamic Revolution, Seyyed Mojtaba Khamenei, issues a message on the occasion of the 40th anniversary of the martyrdom of the late...",mojtaba,khamenei
81,beirut's southern,7.950590611012814,6,6,False,47.70354366607688,2026-04-08 20:11:26+00:00,2026-04-09 04:54:15+00:00,184522,2026-04-08 20:11:26+00:00,Moment an Israeli airstrike hit a residential building in Beirut’s southern suburbs. @PressTV,beirut's,southern
82,armed forces,7.950590611012812,33,32,False,262.36949016342277,2026-04-07 12:28:12+00:00,2026-04-14 04:15:06+00:00,184271,2026-04-07 12:28:12+00:00,"Press TV's Maryam Azarchehr says Iranian armed forces were ready for the US operation in Isfahan based on received intelligence, suggesting earlier remarks...",armed,forces
83,corps irgc,7.932386015635224,20,20,False,158.64772031270448,2026-04-07 11:50:04+00:00,2026-04-13 19:07:07+00:00,184266,2026-04-07 11:50:04+00:00,"Wave 99: IRGC pounds US petchem sites, vows 'no restraint’ if Iranian infrastructure hit The Islamic Revolution Guards Corps (IRGC) has pounded US-owned...",corps,irgc
84,prime minister,7.883476415154277,26,25,False,204.9703867940112,2026-04-07 23:56:03+00:00,2026-04-14 14:25:01+00:00,184372,2026-04-07 23:56:03+00:00,"🇵🇰 Pakistan’s Prime Minister Shehbaz Sharif: I am pleased to announce that the Islamic Republic of Iran and the United States of America, along with their...",prime,minister
85,security official,7.83617070037592,5,4,False,39.1808535018796,2026-04-08 14:32:18+00:00,2026-04-10 13:37:28+00:00,184470,2026-04-08 14:32:18+00:00,"🔴 Exclusive: Iranian security official warns of ""comprehensive defense"" if Israel breaks ceasefire 🔺 A senior security official told Press TV today that the...",security,official
86,foreign policy,7.757945533070419,10,10,False,77.57945533070419,2026-04-07 12:45:14+00:00,2026-04-14 11:35:21+00:00,184273,2026-04-07 12:45:14+00:00,Former U.S. Congresswoman Cynthia McKinney says that almost everyone in the U.S. at this moment knows that the Zionists are in full control of US domestic...,foreign,policy
87,airstrike targeted,7.703868860314627,8,8,False,61.63095088251701,2026-04-08 12:21:21+00:00,2026-04-11 17:52:23+00:00,184440,2026-04-08 12:21:21+00:00,▶️ Footage captures the Israeli airstrike that targeted the Al-Basta neighbourhood in central Beirut. @PressTV,airstrike,targeted
88,revolution guards,7.69905184401685,19,19,False,146.28198503632015,2026-04-07 11:50:04+00:00,2026-04-13 19:07:07+00:00,184266,2026-04-07 11:50:04+00:00,"Wave 99: IRGC pounds US petchem sites, vows 'no restraint’ if Iranian infrastructure hit The Islamic Revolution Guards Corps (IRGC) has pounded US-owned...",revolution,guards
89,government armed,7.661083993817828,6,6,False,45.96650396290697,2026-04-08 20:45:13+00:00,2026-04-14 01:15:05+00:00,184525,2026-04-08 20:45:13+00:00,Iranians in Tehran’s Sadeghiyeh Square continue supporting the government and armed forces as they mark the 40th day of mourning for the late Leader...,government,armed
90,resistance movement,7.642468315650483,9,9,False,68.78221484085435,2026-04-07 17:40:01+00:00,2026-04-13 09:01:09+00:00,184327,2026-04-07 17:40:01+00:00,Ansarullah stresses independence of its decision to act against Israeli-American aggression Yemeni resistance movement Ansarullah says its solidarity strikes...,resistance,movement
91,occupied quds,7.635088785284886,5,4,False,38.17544392642443,2026-04-10 05:56:07+00:00,2026-04-12 14:21:59+00:00,184773,2026-04-10 05:56:07+00:00,Hundreds of worshipers performed dawn prayers at Al-Aqsa Mosque in occupied al-Quds after 40 days of closure by Israeli occupation during the war on Iran....,occupied,quds
92,ali khamenei,7.623176977041723,40,38,False,304.9270790816689,2026-04-08 06:46:44+00:00,2026-04-14 03:30:16+00:00,184404,2026-04-08 06:46:44+00:00,"✍ Feature - Leader's 40th day of martyrdom seals US defeat: A look at his 37-year illustrious legacy From seminary to battlefield, presidency to Leadership,...",ali,khamenei
93,foreign ministry,7.605942439625368,12,12,False,91.27130927550442,2026-04-07 19:11:42+00:00,2026-04-14 09:55:11+00:00,184338,2026-04-07 19:11:42+00:00,Civilized Iran will win over US logic of brute force: FM spokesman The spokesman of the Iranian Foreign Ministry has reacted to threats by US President...,foreign,ministry
94,seyyed ali,7.561548320266915,34,34,False,257.09264288907514,2026-04-08 06:46:44+00:00,2026-04-14 03:30:16+00:00,184404,2026-04-08 06:46:44+00:00,"✍ Feature - Leader's 40th day of martyrdom seals US defeat: A look at his 37-year illustrious legacy From seminary to battlefield, presidency to Leadership,...",seyyed,ali
95,operations zionist,7.5493589112590005,5,5,False,37.746794556295,2026-04-09 21:52:58+00:00,2026-04-13 23:41:02+00:00,184704,2026-04-09 21:52:58+00:00,"April 9: Hezbollah’s operations against the Zionist regime in response to the truce breach Hours after the Iran-US ceasefire following 40 days of aggression,...",operations,zionist
96,support government,7.53555311173397,5,5,False,37.67776555866985,2026-04-08 22:04:35+00:00,2026-04-14 01:15:05+00:00,184538,2026-04-08 22:04:35+00:00,People in Tehran hold another large car rally to show support for the government and armed forces. @PressTV,support,government
97,minister shehbaz,7.520906335769567,7,7,False,52.64634435038697,2026-04-07 23:56:03+00:00,2026-04-11 12:53:54+00:00,184372,2026-04-07 23:56:03+00:00,"🇵🇰 Pakistan’s Prime Minister Shehbaz Sharif: I am pleased to announce that the Islamic Republic of Iran and the United States of America, along with their...",minister,shehbaz
98,country's armed,7.504964791900548,5,5,False,37.52482395950274,2026-04-08 07:45:16+00:00,2026-04-13 10:40:01+00:00,184407,2026-04-08 07:45:16+00:00,▶️ A large number of people gathered in Tabriz for the 38th consecutive night to show their support for Iran and the country’s armed forces. @PressTV,country's,armed
99,speaker mohammad,7.443159507427076,9,9,False,66.98843556684369,2026-04-09 21:30:01+00:00,2026-04-13 02:21:40+00:00,184701,2026-04-09 21:30:01+00:00,Lebanon inseparable part of Iran’s 10-point ceasefire plan: Qalibaf Iran’s Parliament Speaker Mohammad Baqer Qalibaf says Lebanon is an inseparable part of...,speaker,mohammad
100,held phone,7.436017438183054,6,6,False,44.616104629098324,2026-04-08 14:05:01+00:00,2026-04-12 15:42:39+00:00,184458,2026-04-08 14:05:01+00:00,📸 Iran's Foreign Minister Seyyed Abbas Araghchi has held a phone conversation with Pakistan's Army Chief of Staff Field Marshal Syed Asim Munir. 🔹 Abbas...,held,phone
101,ayatollah seyyed,7.43191303985032,39,38,False,289.8446085541625,2026-04-08 06:46:44+00:00,2026-04-14 03:30:16+00:00,184404,2026-04-08 06:46:44+00:00,"✍ Feature - Leader's 40th day of martyrdom seals US defeat: A look at his 37-year illustrious legacy From seminary to battlefield, presidency to Leadership,...",ayatollah,seyyed
102,lebanese capital,7.420075894314035,5,5,False,37.10037947157018,2026-04-08 11:55:01+00:00,2026-04-09 14:35:01+00:00,184435,2026-04-08 11:55:01+00:00,"▶️ Footage captures the aftermath of the Israeli attacks on the Lebanese capital, Beirut. @PressTV",lebanese,capital
103,late leader,7.372322762865666,32,32,False,235.91432841170132,2026-04-08 19:10:07+00:00,2026-04-11 21:00:01+00:00,184515,2026-04-08 19:10:07+00:00,"▶️ Massive crowd at Tehran's Enghelab Sq. chants ""down with the USA and Israel"" in unison as they mourn the 40th day since the martyrdom of the late Leader...",late,leader
104,donald trump,7.356694985521651,23,23,False,169.20398466699797,2026-04-07 17:42:11+00:00,2026-04-14 16:39:41+00:00,184328,2026-04-07 17:42:11+00:00,Congressman Robert Garcia joins the other American politicians demanding invocation of the 25th amendment over Trump's war crimes threat against the Iranian...,donald,trump
105,zionist regime,7.320540220763119,12,12,False,87.84648264915742,2026-04-07 14:52:26+00:00,2026-04-13 23:41:02+00:00,184292,2026-04-07 14:52:26+00:00,All the electricity infrastructure data of the Zionist regime has been released. 🔹 The Handala hacker group announced that it has extracted all data related...,zionist,regime
106,mark day,7.319235204807207,17,17,False,124.4269984817225,2026-04-08 20:45:13+00:00,2026-04-10 13:11:14+00:00,184525,2026-04-08 20:45:13+00:00,Iranians in Tehran’s Sadeghiyeh Square continue supporting the government and armed forces as they mark the 40th day of mourning for the late Leader...,mark,day
107,strait hormuz,7.313978776634862,72,59,False,526.60647191771,2026-04-07 15:45:19+00:00,2026-04-14 16:39:41+00:00,184313,2026-04-07 15:45:19+00:00,Bahrain's anti-Iran draft resolution on reopening the Strait of Hormuz was rejected at the UN Security Council after Russia and China used their veto power....,strait,hormuz
108,day mourning,7.302161691448266,20,20,False,146.0432338289653,2026-04-08 20:45:13+00:00,2026-04-09 23:56:53+00:00,184525,2026-04-08 20:45:13+00:00,Iranians in Tehran’s Sadeghiyeh Square continue supporting the government and armed forces as they mark the 40th day of mourning for the late Leader...,day,mourning
109,national security,7.295602319013218,5,5,False,36.47801159506609,2026-04-07 23:07:32+00:00,2026-04-13 15:00:30+00:00,184362,2026-04-07 23:07:32+00:00,🔴 Supreme national security council: 🔺Iran achieved historic victory by forcing criminal US to accept its 10-point plan. 🔺US has accepted Iran's control over...,national,security
110,special forces,7.272518705900177,5,5,False,36.362593529500884,2026-04-07 11:32:12+00:00,2026-04-12 11:09:34+00:00,184265,2026-04-07 11:32:12+00:00,Australia detains former trooper over war crimes in Afghanistan War Australian authorities have arrested a former Special Forces soldier at the country’s...,special,forces
111,vice president,7.241370007329513,17,15,False,123.10329012460171,2026-04-08 08:35:16+00:00,2026-04-14 16:59:41+00:00,184417,2026-04-08 08:35:16+00:00,"📷 Iranian Vice President Mohammad Reza Aref: Good morning to victory! Today, history has turned a new page—the world has welcomed a new center of power, and...",vice,president
112,president masoud,7.241370007329511,15,15,False,108.62055010994267,2026-04-07 12:40:03+00:00,2026-04-14 00:07:04+00:00,184272,2026-04-07 12:40:03+00:00,"Pezeshkian joins over 14 million—and counting—in pledging lives for homeland President Masoud Pezeshkian has added his name to an ever-growing, 14-million-...",president,masoud
113,hezbollah secretary,7.227430816371639,8,8,False,57.81944653097311,2026-04-10 09:22:28+00:00,2026-04-13 23:14:38+00:00,184798,2026-04-10 09:22:28+00:00,🔴 Hezbollah Secretary General Sheikh Naim Qassem to deliver a speech on the latest developments in Lebanon and the region at 1:00 PM GMT @PressTV,hezbollah,secretary
114,blockade threat,7.213625016846608,5,5,False,36.06812508423304,2026-04-13 11:02:50+00:00,2026-04-14 06:20:08+00:00,185267,2026-04-13 11:02:50+00:00,"China says it is ready to work to safeguard energy security, supply amid Trump’s Iran naval blockade threat. @PressTV",blockade,threat
115,islamic revolution,7.172983032349263,75,73,False,537.9737274261947,2026-04-07 11:50:04+00:00,2026-04-14 16:26:03+00:00,184266,2026-04-07 11:50:04+00:00,"Wave 99: IRGC pounds US petchem sites, vows 'no restraint’ if Iranian infrastructure hit The Islamic Revolution Guards Corps (IRGC) has pounded US-owned...",islamic,revolution
116,parliament mohammad,7.166319302068253,8,8,False,57.33055441654602,2026-04-08 18:30:01+00:00,2026-04-11 17:16:01+00:00,184507,2026-04-08 18:30:01+00:00,📸 Speaker of Iran's Parliament Mohammad Bagher Ghalibaf issues a statement on the violation of three key clauses in the 10-point ceasefire agreement. @PressTV,parliament,mohammad
117,day since,7.150158598003216,18,18,False,128.7028547640579,2026-04-08 10:42:50+00:00,2026-04-12 21:12:27+00:00,184427,2026-04-08 10:42:50+00:00,🔴 Slogan of English KHAMENEI.IR on the occasion of the 40th day after the martyrdom of Imam Sayyid Ali Khamenei On the eve of April 8 — the 40th day since...,day,since
118,lebanon's hezbollah,7.1399679751213,8,8,False,57.1197438009704,2026-04-08 18:52:38+00:00,2026-04-10 14:25:01+00:00,184510,2026-04-08 18:52:38+00:00,"📸 ""Iran will not abandon Lebanon"" Posters have been set up at Tehran's metro stations in solidarity with the Lebanese people and Lebanon's Hezbollah...",lebanon's,hezbollah
119,ceremony late,7.135622504845333,6,6,False,42.813735029072,2026-04-09 06:16:06+00:00,2026-04-09 13:55:44+00:00,184591,2026-04-09 06:16:06+00:00,Assyrians in the northwestern Iranian city of Urmia held a 40th-day mourning ceremony for the late Leader of the Islamic Revolution Ayatollah Seyyed Ali...,ceremony,late
120,islamic republic,7.09498052034799,18,18,False,127.70964936626382,2026-04-07 18:03:04+00:00,2026-04-13 22:15:47+00:00,184329,2026-04-07 18:03:04+00:00,Iravani: Iran Firmly Rejects Temporary Ceasefire The Permanent Representative of the Islamic Republic of Iran to the United Nations emphasized that Iran...,islamic,republic
121,pakistani prime,7.089927292621704,5,5,False,35.44963646310852,2026-04-08 21:22:17+00:00,2026-04-11 14:57:59+00:00,184530,2026-04-08 21:22:17+00:00,Mediator Pakistan confirms US-Iran ceasefire violated as Israel ravages Lebanon Pakistani Prime Minister Shahbaz Sharif has confirmed that the terms of a...,pakistani,prime
122,airstrike town,7.025796955201988,5,5,False,35.12898477600994,2026-04-09 05:53:35+00:00,2026-04-12 11:12:33+00:00,184589,2026-04-09 05:53:35+00:00,▶️ Video shows the extent of damage from an Israeli airstrike on the town of Doueir in Lebanon's southern Nabatieh district. @PressTV,airstrike,town
123,speaker parliament,7.005038395035189,6,6,False,42.030230370211136,2026-04-09 20:30:45+00:00,2026-04-11 17:16:01+00:00,184691,2026-04-09 20:30:45+00:00,📸 Iran's Speaker of Parliament Mohammad Bagher Ghalibaf warns that time is running out as Israeli aggressions in Lebanon continue. @PressTV,speaker,parliament
124,foreign minister,6.976585819545759,32,31,False,223.2507462254643,2026-04-08 00:23:32+00:00,2026-04-14 10:35:04+00:00,184377,2026-04-08 00:23:32+00:00,FM Araghchi says Iran will cease defensive strikes if unprovoked attacks are halted Foreign Minister Abbas Araghchi has announced on behalf of Iran's top...,foreign,minister
125,senior security,6.973674224125855,5,4,False,34.86837112062928,2026-04-08 14:32:18+00:00,2026-04-10 16:20:08+00:00,184470,2026-04-08 14:32:18+00:00,"🔴 Exclusive: Iranian security official warns of ""comprehensive defense"" if Israel breaks ceasefire 🔺 A senior security official told Press TV today that the...",senior,security
126,speaker qalibaf,6.964396410537844,5,5,False,34.82198205268922,2026-04-08 22:20:42+00:00,2026-04-13 19:14:30+00:00,184539,2026-04-08 22:20:42+00:00,"Speaker Qalibaf says ceasefire, negotiations with US ‘unreasonable’, citing truce violations Iran's parliament speaker has said that a bilateral ceasefire or...",speaker,qalibaf
127,fragile ceasefire,6.950590611012812,7,6,False,48.65413427708968,2026-04-09 17:20:01+00:00,2026-04-14 06:20:08+00:00,184673,2026-04-09 17:20:01+00:00,▶️ Several countries urged Israel to halt its aggression against Lebanon as a fragile ceasefire between the US and Iran entered its second day. @PressTV,fragile,ceasefire
128,mourn day,6.946017881222991,5,5,False,34.730089406114956,2026-04-08 19:10:07+00:00,2026-04-10 12:40:01+00:00,184515,2026-04-08 19:10:07+00:00,"▶️ Massive crowd at Tehran's Enghelab Sq. chants ""down with the USA and Israel"" in unison as they mourn the 40th day since the martyrdom of the late Leader...",mourn,day
129,control strait,6.916643279089476,6,5,False,41.49985967453685,2026-04-07 23:07:32+00:00,2026-04-13 17:21:04+00:00,184362,2026-04-07 23:07:32+00:00,🔴 Supreme national security council: 🔺Iran achieved historic victory by forcing criminal US to accept its 10-point plan. 🔺US has accepted Iran's control over...,control,strait
130,president donald,6.878799927944804,21,21,False,144.4547984868409,2026-04-07 19:11:42+00:00,2026-04-14 16:39:41+00:00,184338,2026-04-07 19:11:42+00:00,Civilized Iran will win over US logic of brute force: FM spokesman The spokesman of the Iranian Foreign Ministry has reacted to threats by US President...,president,donald
131,destroyers strait,6.864175859195342,9,5,False,61.77758273275808,2026-04-12 12:08:36+00:00,2026-04-14 05:25:41+00:00,185150,2026-04-12 12:08:36+00:00,"🔺 Press TV Exclusive: US destroyers' Strait of Hormuz transit stunt failed, came close to destruction The US military’s attempt to sail two destroyers...",destroyers,strait
132,ceremony held,6.831946114514196,5,5,False,34.15973057257098,2026-04-09 14:10:01+00:00,2026-04-14 00:25:11+00:00,184651,2026-04-09 14:10:01+00:00,▶️ More footage of the massive solemn ceremony held in Tehran to mark the 40th day of mourning for the late Leader of the Islamic Revolution Ayatollah Seyyed...,ceremony,held
133,president vance,6.826332508050667,6,6,False,40.957995048304,2026-04-09 02:30:00+00:00,2026-04-12 11:26:03+00:00,184566,2026-04-09 02:30:00+00:00,"US Vice President JD Vance called Lebanon’s inclusion in the ceasefire a “legitimate misunderstanding,” while Pakistan’s ambassador to the US and Prime...",president,vance
134,seyyed kamal,6.824582726100708,6,6,False,40.94749635660425,2026-04-09 21:15:01+00:00,2026-04-10 16:39:59+00:00,184700,2026-04-09 21:15:01+00:00,"📸 Seyyed Kamal Kharrazi, Iran's former Foreign Minister and foreign policy advisor to Iran's Leader, has attained martyrdom following the US-Israeli...",seyyed,kamal
135,revolution ayatollah,6.743445963375301,33,32,False,222.53371679138493,2026-04-08 19:10:07+00:00,2026-04-12 12:01:20+00:00,184515,2026-04-08 19:10:07+00:00,"▶️ Massive crowd at Tehran's Enghelab Sq. chants ""down with the USA and Israel"" in unison as they mourn the 40th day since the martyrdom of the late Leader...",revolution,ayatollah
136,mourning late,6.739693828514195,6,6,False,40.43816297108517,2026-04-08 20:45:13+00:00,2026-04-09 23:56:53+00:00,184525,2026-04-08 20:45:13+00:00,Iranians in Tehran’s Sadeghiyeh Square continue supporting the government and armed forces as they mark the 40th day of mourning for the late Leader...,mourning,late
137,minister abbas,6.69905184401685,11,11,False,73.68957028418535,2026-04-08 00:23:32+00:00,2026-04-14 10:35:04+00:00,184377,2026-04-08 00:23:32+00:00,FM Araghchi says Iran will cease defensive strikes if unprovoked attacks are halted Foreign Minister Abbas Araghchi has announced on behalf of Iran's top...,minister,abbas
138,temporary ceasefire,6.687556205179021,5,5,False,33.437781025895106,2026-04-07 18:03:04+00:00,2026-04-10 06:45:38+00:00,184329,2026-04-07 18:03:04+00:00,Iravani: Iran Firmly Rejects Temporary Ceasefire The Permanent Representative of the Islamic Republic of Iran to the United Nations emphasized that Iran...,temporary,ceasefire
139,imposed war,6.662646197588112,12,12,False,79.95175437105735,2026-04-07 07:23:56+00:00,2026-04-14 13:20:01+00:00,184239,2026-04-07 07:23:56+00:00,"US-Israeli aggression on Iran: What happened on 38th day of the imposed war Thirty-eight days into the US-Israeli war on Iran, which began on February 28...",imposed,war
140,regime response,6.588020531628105,5,5,False,32.940102658140525,2026-04-09 21:52:58+00:00,2026-04-13 23:41:02+00:00,184704,2026-04-09 21:52:58+00:00,"April 9: Hezbollah’s operations against the Zionist regime in response to the truce breach Hours after the Iran-US ceasefire following 40 days of aggression,...",regime,response
141,leader islamic,6.528077991171823,55,53,False,359.04428951445027,2026-04-07 20:25:07+00:00,2026-04-14 09:21:57+00:00,184346,2026-04-07 20:25:07+00:00,"US will burn in ‘regional inferno’ in case of reckless move, warns advisor to Leader A senior advisor to the Leader of the Islamic Revolution warns that the...",leader,islamic
142,martyrdom late,6.444950562953064,9,9,False,58.00455506657758,2026-04-08 19:10:07+00:00,2026-04-10 13:11:14+00:00,184515,2026-04-08 19:10:07+00:00,"▶️ Massive crowd at Tehran's Enghelab Sq. chants ""down with the USA and Israel"" in unison as they mourn the 40th day since the martyrdom of the late Leader...",martyrdom,late
143,war crimes,6.437086497172979,15,13,False,96.55629745759468,2026-04-07 11:32:12+00:00,2026-04-13 19:29:35+00:00,184265,2026-04-07 11:32:12+00:00,Australia detains former trooper over war crimes in Afghanistan War Australian authorities have arrested a former Special Forces soldier at the country’s...,war,crimes
144,week ceasefire,6.436017438183054,14,14,False,90.10424413456275,2026-04-07 22:47:11+00:00,2026-04-11 10:44:24+00:00,184359,2026-04-07 22:47:11+00:00,"After accepting Iran's conditions, US President Trump announced a two-week ceasefire. @PressTV",week,ceasefire
145,iranian patriots,6.365628110291656,7,7,False,44.559396772041595,2026-04-07 13:25:04+00:00,2026-04-12 02:15:10+00:00,184280,2026-04-07 13:25:04+00:00,Iranian patriots form human chain on the White Bridge of Ahvaz in southern Iran following American-Israeli threats of destruction of Iran's vital civilian...,iranian,patriots
146,seyyed abbas,6.31000955327095,7,7,False,44.17006687289665,2026-04-08 14:05:01+00:00,2026-04-10 15:30:21+00:00,184458,2026-04-08 14:05:01+00:00,📸 Iran's Foreign Minister Seyyed Abbas Araghchi has held a phone conversation with Pakistan's Army Chief of Staff Field Marshal Syed Asim Munir. 🔹 Abbas...,seyyed,abbas
147,hormuz transit,6.307284124060853,5,5,False,31.536420620304266,2026-04-12 12:08:36+00:00,2026-04-14 05:25:41+00:00,185150,2026-04-12 12:08:36+00:00,"🔺 Press TV Exclusive: US destroyers' Strait of Hormuz transit stunt failed, came close to destruction The US military’s attempt to sail two destroyers...",hormuz,transit
148,missile strikes,6.289176049853783,7,7,False,44.02423234897648,2026-04-07 06:58:52+00:00,2026-04-11 00:00:33+00:00,184236,2026-04-07 06:58:52+00:00,▶️ Video shows show the aftermath of Iranian missile strikes hitting Tel Aviv. @PressTV,missile,strikes
149,advisor leader,6.238571373976839,5,4,False,31.192856869884196,2026-04-07 20:25:07+00:00,2026-04-12 14:50:38+00:00,184346,2026-04-07 20:25:07+00:00,"US will burn in ‘regional inferno’ in case of reckless move, warns advisor to Leader A senior advisor to the Leader of the Islamic Revolution warns that the...",advisor,leader
150,araghchi held,6.172983032349261,5,5,False,30.864915161746307,2026-04-08 14:05:01+00:00,2026-04-14 09:30:22+00:00,184458,2026-04-08 14:05:01+00:00,📸 Iran's Foreign Minister Seyyed Abbas Araghchi has held a phone conversation with Pakistan's Army Chief of Staff Field Marshal Syed Asim Munir. 🔹 Abbas...,araghchi,held
151,southern lebanon,6.161395058074049,31,30,False,191.00324680029553,2026-04-08 04:55:16+00:00,2026-04-14 14:05:02+00:00,184398,2026-04-08 04:55:16+00:00,📷 Four people were killed after Israeli forces targeted an ambulance in southern Lebanon. @PressTV,southern,lebanon
152,iranian delegation,6.0030580309069475,14,13,False,84.04281243269726,2026-04-10 20:42:02+00:00,2026-04-12 04:09:16+00:00,184895,2026-04-10 20:42:02+00:00,Iranian delegation reaches Islamabad for talks with US; Tehran stresses acceptance of preconditions A high-ranking Iranian delegation arrives in the...,iranian,delegation
153,iranian nation,5.973310687512898,16,15,False,95.57297100020637,2026-04-07 13:10:00+00:00,2026-04-14 01:02:27+00:00,184277,2026-04-07 13:10:00+00:00,"Ayatollah Makarem Shirazi calls for unity and steadfastness in ‘sacred resistance’ against enemy Grand Ayatollah Naser Makarem Shirazi, in a message on...",iranian,nation
154,president pezeshkian,5.93880723730908,15,13,False,89.0821085596362,2026-04-08 12:45:36+00:00,2026-04-13 13:10:50+00:00,184443,2026-04-08 12:45:36+00:00,📸 Iran's President Pezeshkian holds a phone conversation with Azerbaijani President Aliyev to discuss the latest regional developments. 🔹 President Aliyev...,president,pezeshkian
155,martyred leader,5.916643279089477,9,9,False,53.2497895118053,2026-04-08 01:37:56+00:00,2026-04-14 03:30:16+00:00,184387,2026-04-08 01:37:56+00:00,"""If you resist, you will CONQUER THE PEAK"" In a speech to Iranian youth, the Martyred Leader of the Islamic Revolution vowed that through resistance they...",martyred,leader
156,hezbollah chief,5.905502721484277,5,5,False,29.527513607421383,2026-04-10 12:22:03+00:00,2026-04-13 23:14:38+00:00,184824,2026-04-10 12:22:03+00:00,"🔴 Hezbollah chief praises bravery, steadfastness of resistance fighters in letter to nation 🔺 Naim Qassem: Blood of our martyrs contributed to victory...",hezbollah,chief
157,israeli warplanes,5.793444214291803,7,7,False,40.55410950004262,2026-04-10 08:25:52+00:00,2026-04-12 11:12:33+00:00,184794,2026-04-10 08:25:52+00:00,Israeli warplanes carry out an airstrike on the town of Shahabiyeh in southern Lebanon. @PressTV,israeli,warplanes
158,forces targeted,5.748956749843163,5,5,False,28.744783749215816,2026-04-08 04:55:16+00:00,2026-04-14 08:30:01+00:00,184398,2026-04-08 04:55:16+00:00,📷 Four people were killed after Israeli forces targeted an ambulance in southern Lebanon. @PressTV,forces,targeted
159,blockade strait,5.694250857753028,10,9,False,56.942508577530276,2026-04-12 20:59:58+00:00,2026-04-14 16:39:41+00:00,185208,2026-04-12 20:59:58+00:00,"US president Donald Trump announced a naval blockade of the Strait of Hormuz, blockading any and all ships trying to enter or leave the strategic waterway....",blockade,strait
160,day martyrdom,5.6854903309997695,12,12,False,68.22588397199723,2026-04-08 06:46:44+00:00,2026-04-11 16:04:56+00:00,184404,2026-04-08 06:46:44+00:00,"✍ Feature - Leader's 40th day of martyrdom seals US defeat: A look at his 37-year illustrious legacy From seminary to battlefield, presidency to Leadership,...",day,martyrdom
161,celebrate iran's,5.531800976872864,8,7,False,44.25440781498291,2026-04-08 01:12:09+00:00,2026-04-12 07:03:57+00:00,184383,2026-04-08 01:12:09+00:00,"Iranians in the capital city of Tehran, celebrate Iran’s victory in the American-Zionist-imposed war following the announcement of a two-week ceasefire....",celebrate,iran's
162,iranian negotiators,5.517631203736707,5,5,False,27.588156018683534,2026-04-11 14:54:50+00:00,2026-04-11 18:00:01+00:00,184997,2026-04-11 14:54:50+00:00,Iranian negotiators present conditions to Pakistan under 10-point proposal: FM spox Iranian Foreign Ministry spokesperson Esmail Baghaei says the Iranian...,iranian,negotiators
163,hezbollah resistance,5.4725433142081705,8,8,False,43.780346513665364,2026-04-08 18:04:28+00:00,2026-04-10 04:29:04+00:00,184505,2026-04-08 18:04:28+00:00,"📸 IOF announces the death of 20 year-old Staff Sergeant Touvel Yosef Lifshiz, who was killed in clashes with Hezbollah resistance fighters in Lebanon. @PressTV",hezbollah,resistance
164,former foreign,5.436017438183056,5,5,False,27.18008719091528,2026-04-09 21:15:01+00:00,2026-04-11 11:45:01+00:00,184700,2026-04-09 21:15:01+00:00,"📸 Seyyed Kamal Kharrazi, Iran's former Foreign Minister and foreign policy advisor to Iran's Leader, has attained martyrdom following the US-Israeli...",former,foreign
165,across lebanon,5.431571533151864,9,9,False,48.88414379836678,2026-04-08 12:07:02+00:00,2026-04-12 11:51:09+00:00,184436,2026-04-08 12:07:02+00:00,▶️ Clouds of smoke rise across the Beirut skyline as Israeli forces conduct massive bombing campaign across Lebanon. @PressTV,across,lebanon
166,israeli airstrike,5.414932591038076,20,20,False,108.2986518207615,2026-04-08 00:45:00+00:00,2026-04-14 02:45:10+00:00,184380,2026-04-08 00:45:00+00:00,Iran’s Jewish community condemns US-Israeli attack on synagogue in Tehran The Iranian Jewish community has condemned the US-Israeli airstrike on a Synagogue...,israeli,airstrike
167,martyrdom ayatollah,5.404308578455719,8,8,False,43.234468627645754,2026-04-09 07:48:31+00:00,2026-04-10 22:40:18+00:00,184604,2026-04-09 07:48:31+00:00,▶️ Hussein al-Bukhaiti asserted that the war that led to the martyrdom of Ayatollah Seyyed Ali Khamenei and the Minab schoolchildren 40 days ago has united...,martyrdom,ayatollah
168,israeli coalition,5.378406715012959,6,5,False,32.27044029007776,2026-04-07 10:44:50+00:00,2026-04-10 17:50:01+00:00,184257,2026-04-07 10:44:50+00:00,BREAKING: Press TV has obtained exclusive information regarding the recent operation carried out by the US-Israeli coalition in Isfahan that reveals a major...,israeli,coalition
169,iranian negotiating,5.365628110291658,5,5,False,26.82814055145829,2026-04-11 07:42:50+00:00,2026-04-12 14:12:03+00:00,184936,2026-04-11 07:42:50+00:00,The Iranian negotiating team is scheduled to meet with Pakistani Prime Minister Shehbaz Sharif at 1:00 PM Islamabad time. @PressTV,iranian,negotiating
170,southern lebanese,5.365628110291658,5,5,False,26.82814055145829,2026-04-10 12:50:08+00:00,2026-04-11 20:45:01+00:00,184831,2026-04-10 12:50:08+00:00,▶️ An Israeli airstrike has targeted the southern Lebanese town of Kfar Rumman. @PressTV,southern,lebanese
171,israeli airstrikes,5.308017387121563,20,20,False,106.16034774243126,2026-04-07 20:45:44+00:00,2026-04-12 11:34:03+00:00,184350,2026-04-07 20:45:44+00:00,US-Israeli airstrikes targeted Iran's Arak aluminum plant and the Fajr Petrochemical Complex in Mahshahr. @PressTV,israeli,airstrikes
172,ayatollah khamenei,5.295602319013218,10,9,False,52.956023190132186,2026-04-09 02:45:00+00:00,2026-04-09 18:08:11+00:00,184568,2026-04-09 02:45:00+00:00,"Tehran residents thronged Enghelab Square to mark the 40th day of mourning for Ayatollah Khamenei, the late Leader of the Islamic Revolution. @PressTV",ayatollah,khamenei
173,ceasefire agreement,5.287625598290385,6,6,False,31.725753589742308,2026-04-08 13:27:12+00:00,2026-04-10 06:45:38+00:00,184450,2026-04-08 13:27:12+00:00,▶️ India and China started ordering immediate shipments of Iranian crude after the announcement of a two-week ceasefire agreement between Tehran and...,ceasefire,agreement
174,president mohammad,5.287173696942638,8,8,False,42.297389575541104,2026-04-08 08:35:16+00:00,2026-04-14 16:59:41+00:00,184417,2026-04-08 08:35:16+00:00,"📷 Iranian Vice President Mohammad Reza Aref: Good morning to victory! Today, history has turned a new page—the world has welcomed a new center of power, and...",president,mohammad
175,minister seyyed,5.272041703071931,9,9,False,47.44837532764738,2026-04-08 14:05:01+00:00,2026-04-10 15:30:21+00:00,184458,2026-04-08 14:05:01+00:00,📸 Iran's Foreign Minister Seyyed Abbas Araghchi has held a phone conversation with Pakistan's Army Chief of Staff Field Marshal Syed Asim Munir. 🔹 Abbas...,minister,seyyed
176,support islamic,5.266092436740744,8,8,False,42.12873949392595,2026-04-10 18:10:01+00:00,2026-04-13 22:15:47+00:00,184881,2026-04-10 18:10:01+00:00,▶️ Iranian patriots continue nationwide nightly rallies in support of the Islamic Republic and the Iranian Armed Forces. @PressTV,support,islamic
177,talks islamabad,5.247355874159158,17,17,False,89.20504986070569,2026-04-11 07:33:10+00:00,2026-04-13 09:07:29+00:00,184933,2026-04-11 07:33:10+00:00,Images from the venue of Iran-US talks in Islamabad. @PressTV,talks,islamabad
178,days aggression,5.189778274892241,5,5,False,25.948891374461205,2026-04-08 14:20:30+00:00,2026-04-12 23:19:14+00:00,184467,2026-04-08 14:20:30+00:00,"✍ Explainer: Iran's 10-point proposal that forced US surrender after 40 days of aggression After 40 days of the imposed war, the US was forced to retreat and...",days,aggression
179,khamenei late,5.166319302068251,5,5,False,25.831596510341257,2026-04-09 02:45:00+00:00,2026-04-10 14:00:01+00:00,184568,2026-04-09 02:45:00+00:00,"Tehran residents thronged Enghelab Square to mark the 40th day of mourning for Ayatollah Khamenei, the late Leader of the Islamic Revolution. @PressTV",khamenei,late
180,iranian armed,5.128588912990807,14,14,False,71.8002447818713,2026-04-07 12:28:12+00:00,2026-04-13 19:07:07+00:00,184271,2026-04-07 12:28:12+00:00,"Press TV's Maryam Azarchehr says Iranian armed forces were ready for the US operation in Isfahan based on received intelligence, suggesting earlier remarks...",iranian,armed
181,aftermath israeli,4.918975096375663,6,6,False,29.513850578253976,2026-04-08 11:55:01+00:00,2026-04-12 20:28:38+00:00,184435,2026-04-08 11:55:01+00:00,"▶️ Footage captures the aftermath of the Israeli attacks on the Lebanese capital, Beirut. @PressTV",aftermath,israeli
182,israeli aggression,4.907100996087371,33,31,False,161.93433287088322,2026-04-07 07:23:56+00:00,2026-04-14 11:05:01+00:00,184239,2026-04-07 07:23:56+00:00,"US-Israeli aggression on Iran: What happened on 38th day of the imposed war Thirty-eight days into the US-Israeli war on Iran, which began on February 28...",israeli,aggression
183,iran's parliament,4.768840174173711,12,12,False,57.22608209008453,2026-04-08 18:30:01+00:00,2026-04-14 11:29:43+00:00,184507,2026-04-08 18:30:01+00:00,📸 Speaker of Iran's Parliament Mohammad Bagher Ghalibaf issues a statement on the violation of three key clauses in the 10-point ceasefire agreement. @PressTV,iran's,parliament
184,new leader,4.754371850190598,7,7,False,33.28060295133419,2026-04-09 09:27:18+00:00,2026-04-12 02:45:01+00:00,184621,2026-04-09 09:27:18+00:00,"▶️ On the 40th day of mourning for Ayatollah Seyyed Ali Khamenei, Press TV’s Moeen Amini reports that Iranians declared their support for the new Leader of...",new,leader
185,us senator,4.670482691820077,7,7,False,32.693378842740536,2026-04-08 00:54:32+00:00,2026-04-14 01:32:25+00:00,184381,2026-04-08 00:54:32+00:00,"US Senator Ed Markey states that Trump ""cannot simply threaten war crimes with impunity,"" adding, ""Congress must reconvene immediately to end this war and...",us,senator
186,islamabad negotiations,4.628662516125452,5,5,False,23.14331258062726,2026-04-11 06:48:01+00:00,2026-04-12 10:36:49+00:00,184930,2026-04-11 06:48:01+00:00,"▶️ The Iranian delegation is in Pakistani capital, Islamabad, for negotiations with the US aimed at securing a permanent ceasefire following weeks of US-...",islamabad,negotiations
187,islamabad talks,4.6193246515461155,11,11,False,50.81257116700727,2026-04-10 20:42:02+00:00,2026-04-14 09:30:22+00:00,184895,2026-04-10 20:42:02+00:00,Iranian delegation reaches Islamabad for talks with US; Tehran stresses acceptance of preconditions A high-ranking Iranian delegation arrives in the...,islamabad,talks
188,martyrdom leader,4.563006324474776,6,6,False,27.378037946848654,2026-04-09 07:19:26+00:00,2026-04-12 12:01:20+00:00,184596,2026-04-09 07:19:26+00:00,▶️ Millions of Iranians throng streets to mark 40 days since martyrdom of Leader of Islamic Revolution Ayatollah Seyyed Ali Khamenei. @PressTV,martyrdom,leader
189,iran's foreign,4.543773618538939,22,22,False,99.96301960785667,2026-04-08 14:05:01+00:00,2026-04-14 10:35:04+00:00,184458,2026-04-08 14:05:01+00:00,📸 Iran's Foreign Minister Seyyed Abbas Araghchi has held a phone conversation with Pakistan's Army Chief of Staff Field Marshal Syed Asim Munir. 🔹 Abbas...,iran's,foreign
190,iran's ambassador,4.505805768339918,5,5,False,22.529028841699592,2026-04-08 06:05:16+00:00,2026-04-14 02:32:23+00:00,184401,2026-04-08 06:05:16+00:00,Iran’s ambassador in Geneva called on members of the Biological Weapons Convention to denounce attacks on the Iranian Pasteur Institute. He emphasized that...,iran's,ambassador
191,iran's point,4.476659422680401,7,6,False,31.336615958762806,2026-04-07 23:42:07+00:00,2026-04-10 14:35:08+00:00,184371,2026-04-07 23:42:07+00:00,Iran's 10-point conditions that the US has accepted: The US is fundamentally committed to: 🔹 Non-aggression 🔹 Continuation of Iran's control over the Strait...,iran's,point
192,israeli regime,4.471516119404443,18,18,False,80.48729014927997,2026-04-07 14:25:02+00:00,2026-04-14 15:59:41+00:00,184287,2026-04-07 14:25:02+00:00,A bridge in Mianeh in Northwestern Iran was bombed and destroyed by the Israeli regime. @PressTV,israeli,regime
193,trump's war,4.4561953201206865,8,8,False,35.64956256096549,2026-04-07 13:46:01+00:00,2026-04-13 01:00:14+00:00,184281,2026-04-07 13:46:01+00:00,Former Rep. Marjorie Taylor Greene requests 25TH amendment to be activated following Trump's war crime threats Afghanistan three whole Iranian nation and...,trump's,war
194,iran's victory,4.455179695269951,10,9,False,44.55179695269951,2026-04-08 01:12:09+00:00,2026-04-12 07:03:57+00:00,184383,2026-04-08 01:12:09+00:00,"Iranians in the capital city of Tehran, celebrate Iran’s victory in the American-Zionist-imposed war following the announcement of a two-week ceasefire....",iran's,victory
195,attacks lebanon,4.438524293793632,8,7,False,35.50819435034906,2026-04-08 20:01:02+00:00,2026-04-11 12:33:00+00:00,184520,2026-04-08 20:01:02+00:00,"Spanish PM Sánchez condemned Israel’s “harsh attacks” on Lebanon, stressing that the two-week US-Iran ceasefire deal must also include Lebanon. @PressTV",attacks,lebanon
196,iran entered,4.31316069039752,7,6,False,30.192124832782643,2026-04-07 19:40:06+00:00,2026-04-13 08:15:01+00:00,184343,2026-04-07 19:40:06+00:00,"Global quagmire triggered by US-Israeli bombing of Iran’s petrochemical sector In the early hours of Sunday, as Iran entered the first working days of the...",iran,entered
197,israeli strikes,4.301591117962131,16,13,False,68.8254578873941,2026-04-08 23:07:20+00:00,2026-04-13 21:12:30+00:00,184543,2026-04-08 23:07:20+00:00,Here are the photos of the Lebanese children killed by Israeli strikes in the past 24 hours. @PressTV,israeli,strikes
198,us destroyers,4.225697849147183,8,7,False,33.805582793177464,2026-04-12 12:08:36+00:00,2026-04-14 05:25:41+00:00,185150,2026-04-12 12:08:36+00:00,"🔺 Press TV Exclusive: US destroyers' Strait of Hormuz transit stunt failed, came close to destruction The US military’s attempt to sail two destroyers...",us,destroyers
199,israeli attacks,4.176772853843309,15,13,False,62.65159280764963,2026-04-07 06:32:01+00:00,2026-04-12 11:51:09+00:00,184229,2026-04-07 06:32:01+00:00,‘Such barbarism is unprecedented in modern history’: Iran condemns US-Israeli attacks on universities Iran has condemned the US-Israeli attacks on...,israeli,attacks
200,stance us,4.158583653288645,6,5,False,24.951501919731868,2026-04-10 07:27:11+00:00,2026-04-14 10:35:04+00:00,184789,2026-04-10 07:27:11+00:00,Araghchi hails Spain's ‘principled’ stance against anti-Iran aggression Iran’s Foreign Minister Abbas Araghchi has praised Spain over its “principled and...,stance,us
201,talks united,4.066783628517337,5,5,False,20.333918142586683,2026-04-10 13:27:19+00:00,2026-04-11 22:00:01+00:00,184836,2026-04-10 13:27:19+00:00,Iran forced Israel to halt attacks on Beirut by threatening to withdraw from talks with US: Source to Press TV Intense pressure and the threat to withdraw...,talks,united
202,us must,4.033052771204785,7,6,False,28.231369398433493,2026-04-08 15:20:10+00:00,2026-04-11 12:54:49+00:00,184474,2026-04-08 15:20:10+00:00,"📸 ""Ceasefire either on all fronts or on no front"" Ebrahim Rezaei, spokesman of the Iranian Parliament's National Security Commission, says the Lebanese have...",us,must
203,iranian missile,3.996394300625937,6,6,False,23.978365803755622,2026-04-07 06:58:52+00:00,2026-04-10 20:52:31+00:00,184236,2026-04-07 06:58:52+00:00,▶️ Video shows show the aftermath of Iranian missile strikes hitting Tel Aviv. @PressTV,iranian,missile
204,iran's first,3.9912325955101604,5,4,False,19.956162977550804,2026-04-12 15:07:11+00:00,2026-04-14 16:59:41+00:00,185176,2026-04-12 15:07:11+00:00,Iran will stand firm on defending rights from Hormuz to compensation: VP Iran’s First Vice President Mohammad Reza Aref says Tehran will stand firm on...,iran's,first
205,iran's speaker,3.875755378090222,6,6,False,23.254532268541332,2026-04-09 20:30:45+00:00,2026-04-11 17:16:01+00:00,184691,2026-04-09 20:30:45+00:00,📸 Iran's Speaker of Parliament Mohammad Bagher Ghalibaf warns that time is running out as Israeli aggressions in Lebanon continue. @PressTV,iran's,speaker
206,islamic resistance,3.7400236250731567,5,4,False,18.700118125365783,2026-04-08 02:22:54+00:00,2026-04-13 23:14:38+00:00,184390,2026-04-08 02:22:54+00:00,Suspension of Operations by the Islamic Resistance in Iraq The Islamic Resistance in Iraq announced on Wednesday that it will suspend its military operations...,islamic,resistance
207,israeli threats,3.7230548864004067,5,5,False,18.615274432002032,2026-04-07 13:25:04+00:00,2026-04-13 22:15:47+00:00,184280,2026-04-07 13:25:04+00:00,Iranian patriots form human chain on the White Bridge of Ahvaz in southern Iran following American-Israeli threats of destruction of Iran's vital civilian...,israeli,threats
208,israeli forces,3.723054886400405,15,15,False,55.845823296006074,2026-04-07 12:08:17+00:00,2026-04-14 08:30:01+00:00,184269,2026-04-07 12:08:17+00:00,Israeli forces attacked Tabriz-Hashtrood bridge in Northwestern Iran. @PressTV,israeli,forces
209,israeli prime,3.6779669968718682,6,6,False,22.06780198123121,2026-04-08 16:20:32+00:00,2026-04-13 09:35:01+00:00,184482,2026-04-08 16:20:32+00:00,Trump aides called Netanyahu’s regime change plan in Iran ‘farcical’: Report Top US officials told President Donald Trump that Israeli prime minister...,israeli,prime
210,republic iran,3.6501956776750912,6,6,False,21.901174066050547,2026-04-07 18:03:04+00:00,2026-04-12 18:19:49+00:00,184329,2026-04-07 18:03:04+00:00,Iravani: Iran Firmly Rejects Temporary Ceasefire The Permanent Representative of the Islamic Republic of Iran to the United Nations emphasized that Iran...,republic,iran
211,war iran,3.6228451895301372,44,41,False,159.40518833932603,2026-04-07 06:13:51+00:00,2026-04-14 10:35:04+00:00,184227,2026-04-07 06:13:51+00:00,"Nepal has extended weekends to two days amid a fuel crisis triggered by the US-Israeli war on Iran, due to rising prices and supply chain disruptions. @PressTV",war,iran
212,us israeli,3.599066169124953,104,91,False,374.3028815889951,2026-04-07 06:13:51+00:00,2026-04-14 13:20:01+00:00,184227,2026-04-07 06:13:51+00:00,"Nepal has extended weekends to two days amid a fuel crisis triggered by the US-Israeli war on Iran, due to rising prices and supply chain disruptions. @PressTV",us,israeli
213,condemned us,3.547625944034545,5,5,False,17.738129720172722,2026-04-07 06:32:01+00:00,2026-04-14 08:45:58+00:00,184229,2026-04-07 06:32:01+00:00,‘Such barbarism is unprecedented in modern history’: Iran condemns US-Israeli attacks on universities Iran has condemned the US-Israeli attacks on...,condemned,us
214,us vice,3.530552430675602,6,6,False,21.183314584053612,2026-04-09 02:30:00+00:00,2026-04-12 11:26:03+00:00,184566,2026-04-09 02:30:00+00:00,"US Vice President JD Vance called Lebanon’s inclusion in the ceasefire a “legitimate misunderstanding,” while Pakistan’s ambassador to the US and Prime...",us,vice
215,hormuz strait,3.4659818700799114,5,5,False,17.329909350399557,2026-04-11 16:07:48+00:00,2026-04-13 04:20:01+00:00,185014,2026-04-11 16:07:48+00:00,"🔴 Iran rejects US claims of warship passing through the Hormuz Strait, calls them ‘unrealistic’ @PressTV",hormuz,strait
216,israeli attack,3.4149325910380757,5,5,False,17.074662955190377,2026-04-08 00:45:00+00:00,2026-04-13 12:58:19+00:00,184380,2026-04-08 00:45:00+00:00,Iran’s Jewish community condemns US-Israeli attack on synagogue in Tehran The Iranian Jewish community has condemned the US-Israeli airstrike on a Synagogue...,israeli,attack
217,destruction us,3.3549808660921503,5,5,False,16.77490433046075,2026-04-10 20:52:31+00:00,2026-04-12 23:45:44+00:00,184896,2026-04-10 20:52:31+00:00,Massive destruction of the US base at Al-Udeid in Qatar following Iranian missile attacks. @PressTV,destruction,us
218,end us,3.3549808660921503,5,4,False,16.77490433046075,2026-04-08 11:08:16+00:00,2026-04-14 08:10:05+00:00,184429,2026-04-08 11:08:16+00:00,Peace contingent on end to US-Israeli aggression under Iran’s terms: Ambassador 🔹Iran’s ambassador to France says any peace effort is contingent upon an end...,end,us
219,american israeli,3.3486593716189095,9,9,False,30.137934344570183,2026-04-07 11:27:39+00:00,2026-04-13 07:58:35+00:00,184263,2026-04-07 11:27:39+00:00,Press TV Exclusive: US suffered major strategic defeat in the failed Isfahan operation Information obtained by Press TV regarding the recent operation by the...,american,israeli
220,killed israeli,3.29094387376262,6,6,False,19.74566324257572,2026-04-07 16:30:29+00:00,2026-04-11 18:50:29+00:00,184319,2026-04-07 16:30:29+00:00,Three killed as Israeli consulate attacked in Turkish city of Istanbul At least three people have been killed and two police officers injured in an exchange...,killed,israeli
221,day war,3.281697588888548,7,5,False,22.971883122219836,2026-04-08 12:15:01+00:00,2026-04-11 17:10:01+00:00,184438,2026-04-08 12:15:01+00:00,Iran VP: Victory in 40-day war fruit of ‘Khamenei school of thought’ Vice President Mohammad Reza Aref has stated that Iran’s victory in the 40-day war...,day,war
222,iranian foreign,3.266092436740742,7,7,False,22.862647057185193,2026-04-07 19:11:42+00:00,2026-04-13 23:34:09+00:00,184338,2026-04-07 19:11:42+00:00,Civilized Iran will win over US logic of brute force: FM spokesman The spokesman of the Iranian Foreign Ministry has reacted to threats by US President...,iranian,foreign
223,victory us,3.175071776077216,8,7,False,25.400574208617726,2026-04-07 23:32:04+00:00,2026-04-12 07:03:57+00:00,184366,2026-04-07 23:32:04+00:00,"Iran declares 'historic victory' over US, says enemy forced to accept its proposal Iran has declared a ""historic and crushing defeat"" of the United States...",victory,us
224,israeli war,3.1672590508441356,23,23,False,72.84695816941512,2026-04-07 06:13:51+00:00,2026-04-14 10:35:04+00:00,184227,2026-04-07 06:13:51+00:00,"Nepal has extended weekends to two days amid a fuel crisis triggered by the US-Israeli war on Iran, due to rising prices and supply chain disruptions. @PressTV",israeli,war
225,following israeli,3.1495880245170813,8,8,False,25.19670419613665,2026-04-07 14:15:03+00:00,2026-04-12 02:00:35+00:00,184286,2026-04-07 14:15:03+00:00,"Iranian musician Ali Ghamsari, for the second consecutive day, played ""Vatan (Homeland)"" near the Damavand power plant following Israeli and American threats...",following,israeli
226,aggression iran,3.082863070975728,13,12,False,40.07721992268446,2026-04-07 07:23:56+00:00,2026-04-14 07:10:02+00:00,184239,2026-04-07 07:23:56+00:00,"US-Israeli aggression on Iran: What happened on 38th day of the imposed war Thirty-eight days into the US-Israeli war on Iran, which began on February 28...",aggression,iran
227,us israel,3.0532306531424176,18,18,False,54.95815175656352,2026-04-07 14:40:00+00:00,2026-04-14 08:55:11+00:00,184289,2026-04-07 14:40:00+00:00,The US and Israel have attacked a synagogue in a Jewish neighborhood in central Tehran. Press TV's Moeen Amini reports from Tehran @PressTV,us,israel
228,iran warns,3.0501262845637296,5,5,False,15.250631422818648,2026-04-07 17:25:01+00:00,2026-04-13 11:10:02+00:00,184326,2026-04-07 17:25:01+00:00,‘Assault on humanity’s shared heritage’: Iran warns UNESCO about Israeli threats to national railway Iran’s minister of culture has warned UNESCO over...,iran,warns
229,iranian people,3.015130863207524,5,5,False,15.075654316037621,2026-04-08 11:46:06+00:00,2026-04-12 19:16:53+00:00,184434,2026-04-08 11:46:06+00:00,"📸 Former-IRGC commander, Mohsen Rezaei, says the US President was forced to accept Iran's 10-point truce following the resilience and resistance of the...",iranian,people
